^GSPC,AAPL,AMZN,GOOGL,META,MSFT,TSLA
2043.939941,26.31500053,33.79449844,38.90050125,104.6600037,55.47999954,16.00066757
2012.660034,26.33749962,31.84950066,37.97200012,102.2200012,54.79999924,14.89400005
2016.709961,25.67749977,31.68950081,38.07649994,102.7300034,55.04999924,14.89533329
1990.26001,25.17499924,31.63249969,37.96649933,102.9700012,54.04999924,14.60266685
1943.089966,24.11249924,30.39699936,37.04999924,97.91999817,52.16999817,14.37666702
1922.030029,24.23999977,30.35250092,36.54550171,97.33000183,52.33000183,14.0666666
1923.670044,24.63249969,30.88699913,36.6534996,97.51000214,52.29999924,13.85666656
1938.680054,24.98999977,30.89450073,37.26699829,99.37000275,52.77999878,13.99800014
1890.280029,24.34749985,29.09049988,35.97850037,95.44000244,51.63999939,13.35400009
1921.839966,24.87999916,29.64999962,36.56949997,98.37000275,53.11000061,13.74533272
1880.329956,24.28249931,28.50900078,35.5245018,94.97000122,50.99000168,13.66600037
1881.329956,24.16500092,28.72400093,35.95399857,95.26000214,50.56000137,13.64799976
1859.329956,24.19750023,28.58849907,35.9280014,94.34999847,50.79000092,13.24666691
1868.98999,24.07500076,28.75099945,36.33349991,94.16000366,50.47999954,13.33133316
1906.900024,25.35499954,29.81900024,37.27299881,97.94000244,52.29000092,13.50333309
1877.079956,24.86000061,29.82649994,36.68099976,97.01000214,51.79000092,13.09200001
1903.630005,24.99749947,30.0625,36.6894989,97.33999634,52.16999817,12.90400028
1882.949951,23.35499954,29.16749954,35.87900162,94.44999695,51.22000122,12.53800011
1893.359985,23.52249908,31.76749992,37.41500092,109.1100006,52.06000137,12.64666653
1940.23999,24.33499908,29.35000038,38.06750107,112.2099991,55.09000015,12.74666691
1939.380005,24.10750008,28.7404995,38.53850174,115.0899963,54.70999908,13.12933254
1903.030029,23.62000084,27.60499954,39.04550171,114.6100006,53,12.18533325
1912.530029,24.08749962,26.55349922,37.46900177,112.6900024,52.15999985,11.56533337
1915.449951,24.14999962,26.81299973,36.50149918,110.4899979,52,11.6886673
1880.050049,23.50499916,25.10650063,35.18799973,104.0699997,50.15999985,10.84000015
1853.439941,23.75250053,24.40500069,35.20800018,99.75,49.40999985,9.866000175
1852.209961,23.74749947,24.10350037,35.05099869,99.54000092,49.27999878,9.883333206
1851.859985,23.56749916,24.52400017,35.34249878,101,49.70999908,9.578000069
1829.079956,23.42499924,25.19099998,35.31800079,101.9100037,49.68999863,10.03133297
1864.780029,23.49749947,25.35400009,35.3445015,102.0100021,50.5,10.06933308
1895.579956,24.15999985,26.05500031,35.88199997,101.6100006,51.09000015,10.34466743
1926.819946,24.53000069,26.70499992,36.5984993,105.1999969,52.41999817,11.24533272
1917.829956,24.06500053,26.25,35.87549973,103.4700012,52.18999863,11.11800003
1917.780029,24.01000023,26.74500084,36.10549927,104.5699997,51.81999969,11.10533333
1945.5,24.21999931,27.97500038,36.45249939,107.1600037,52.65000153,11.84933281
1921.27002,23.67250061,27.64699936,35.86449814,105.4599991,51.18000031,11.81400013
1929.800049,24.02499962,27.70199966,36.04499817,106.8799973,51.36000061,11.9333334
1951.699951,24.19000053,27.75749969,36.45600128,108.0699997,52.09999847,12.49533272
1948.050049,24.22750092,27.7614994,36.24300003,107.9199982,51.29999924,12.68933296
1932.22998,24.17250061,27.62599945,35.86100006,106.9199982,50.88000107,12.79533291
1978.349976,25.13249969,28.95199966,37.10850143,109.8199997,52.58000183,12.42333317
1986.449951,25.1875,29.01049995,36.97399902,109.9499969,52.95000076,12.55599976
1993.400024,25.375,28.87450027,36.57949829,109.5800018,52.34999847,13.04933262
1999.98999,25.75250053,28.75699997,36.51100159,108.3899994,52.02999878,13.40266705
2001.76001,25.46750069,28.13999939,35.63999939,105.7300034,51.02999878,13.68599987
1979.26001,25.25749969,28.01300049,35.67649841,105.9300003,51.65000153,13.50666714
1989.26001,25.28000069,27.9734993,36.27050018,107.5100021,52.84000015,13.91466713
1989.569946,25.29249954,27.94650078,36.60850143,107.3199997,52.04999924,13.67866707
2022.189941,25.56500053,28.48049927,37.24349976,109.4100037,53.06999969,13.83333302
2019.640015,25.62999916,28.6685009,37.51200104,109.8899994,53.16999817,14.34333324
2015.930054,26.14500046,28.85099983,37.5284996,110.6699982,53.59000015,14.55599976
2027.219971,26.49250031,28.71349907,37.86800003,112.1800003,54.34999847,14.79533291
2040.589966,26.45000076,27.97200012,37.92399979,111.0199966,54.65999985,15.09200001
2049.580078,26.47999954,27.60400009,37.77050018,111.4499969,53.49000168,15.51599979
2051.600098,26.47750092,27.6989994,38.10800171,111.8499985,53.86000061,15.88799953
2049.800049,26.68000031,28.02400017,38.00249863,112.25,54.06999969,15.61600018
2036.709961,26.53249931,28.48150063,37.87799835,112.5400009,53.97000122,14.83866692
2035.939941,26.41749954,29.14749908,37.74200058,113.0500031,54.20999908,15.1833334
2037.050049,26.29750061,28.99349976,37.66400146,113.6900024,53.54000092,15.350667
2055.01001,26.92000008,29.69300079,38.29449844,116.1399994,54.70999908,15.34200001
2063.949951,27.38999939,29.93449974,38.41699982,114.6999969,55.04999924,15.1260004
2059.73999,27.24749947,29.68199921,38.14500046,114.0999985,55.22999954,15.31799984
2072.780029,27.49749947,29.92499924,38.48350143,116.0599976,55.56999969,15.83933258
2066.129883,27.78000069,29.65950012,38.25600052,112.5500031,55.43000031,16.4659996
2045.170044,27.45249939,29.30699921,37.92850113,112.2200012,54.56000137,17.03133392
2066.659912,27.73999977,30.10400009,38.4034996,113.7099991,55.11999893,17.69466782
2041.910034,27.13500023,29.57150078,38.00600052,113.6399994,54.45999908,17.14666748
2047.599976,27.16500092,29.72999954,37.9734993,110.6299973,54.41999817,16.67133331
2041.98999,27.25499916,29.79649925,37.8769989,108.9899979,54.31000137,16.66133308
2061.719971,27.61000061,30.15850067,38.2159996,110.6100006,54.65000153,16.52133369
2082.419922,28.01000023,30.74099922,38.59550095,110.5100021,55.34999847,16.96866608
2082.780029,28.02499962,31.03750038,38.76950073,110.8399963,55.36000061,16.79066658
2080.72998,27.46249962,31.29450035,39,109.6399994,55.65000153,16.96733284
2094.340088,26.87000084,31.76749992,39.38399887,110.4499969,56.45999908,16.92533302
2100.800049,26.72750092,31.39500046,38.8125,112.2900009,56.38999939,16.49133301
2102.399902,26.78249931,31.64949989,38.74599838,112.4199982,55.59000015,16.66466713
2091.47998,26.49250031,31.54999924,39,113.4400024,55.77999878,16.55266762
2091.580078,26.42000008,31.02499962,36.88850021,110.5599976,51.77999878,16.91666794
2087.790039,26.27000046,31.30999947,37.11050034,110.0999985,52.11000061,16.78800011
2091.699951,26.08749962,30.84399986,36.26850128,108.7600021,51.43999863,16.91600037
2095.149902,24.45499992,30.32850075,36.07300186,108.8899994,50.93999863,16.76466751
2075.810059,23.70750046,30.10000038,35.25299835,116.7300034,49.90000153,16.51399994
2065.300049,23.43499947,32.97949982,35.39400101,117.5800018,49.86999893,16.05066681
2081.429932,23.40999985,34.19250107,35.72050095,118.5699997,50.61000061,16.12000084
2063.370117,23.79500008,33.56600189,35.42200089,117.4300003,49.77999878,15.48799992
2051.120117,23.54750061,33.54499817,35.56850052,118.0599976,49.86999893,14.83733273
2050.629883,23.30999947,32.95449829,35.73550034,117.8099976,49.93999863,14.10200024
2057.139893,23.18000031,33.69749832,36.25899887,119.4899979,50.38999939,14.32866669
2058.689941,23.19750023,33.98749924,36.45650101,119.2399979,50.06999969,13.92800045
2084.389893,23.35499954,35.1534996,36.96900177,120.5,51.02000046,13.91266727
2064.459961,23.12750053,35.66149902,36.52750015,119.5199966,51.04999924,13.93066692
2064.110107,22.58499908,35.89649963,36.4034996,120.2799988,51.50999832,13.81866741
2046.609985,22.62999916,35.49599838,36.24150085,119.8099976,51.08000183,13.84066677
2066.659912,23.46999931,35.53300095,36.51499939,118.6699982,51.83000183,13.88599968
2047.209961,23.37249947,34.76350021,36.0094986,117.3499985,50.50999832,13.64400005
2047.630005,23.63999939,34.87250137,36.0890007,117.6500015,50.81000137,14.07800007
2040.040039,23.54999924,34.92599869,35.76549911,116.8099976,50.31999969,14.34733295
2052.320068,23.80500031,35.13999939,36.08549881,117.3499985,50.61999893,14.68533325
2048.040039,24.10750008,34.83750153,35.86249924,115.9700012,50.02999878,14.41466713
2076.060059,24.47500038,35.20999908,36.6515007,117.6999969,51.59000015,14.52733326
2090.540039,24.90500069,35.41749954,36.90499878,117.8899994,52.11999893,14.63866711
2090.100098,25.10250092,35.74549866,36.8465004,119.4700012,51.88999939,15.00800037
2099.060059,25.08749962,35.61199951,37.38000107,119.3799973,52.31999969,14.86933327
2096.949951,24.96500015,36.13949966,37.44250107,118.8099976,53,14.88199997
2099.330078,24.61499977,35.97200012,37.42300034,118.7799988,52.84999847,14.63733292
2105.26001,24.43000031,36.41199875,37.21350098,118.9300003,52.47999954,14.59733295
2099.129883,24.47999954,36.27700043,36.79299927,118.4700012,51.79000092,14.59933281
2109.409912,24.65749931,36.33649826,36.50299835,118.7900009,52.13000107,14.71199989
2112.129883,24.75749969,36.18700027,36.55450058,117.7600021,52.09999847,15.48933315
2119.120117,24.73500061,36.33200073,37.14649963,118.3899994,52.04000092,15.70133305
2115.47998,24.91250038,36.38249969,37.12599945,118.5599976,51.61999893,15.29066658
2096.070068,24.70750046,35.89550018,36.65950012,116.6200027,51.47999954,14.58600044
2079.060059,24.33499908,35.76200104,36.59400177,113.9499969,50.13999939,14.52466679
2075.320068,24.36499977,35.96500015,36.66249847,114.9400024,49.83000183,14.33066654
2071.5,24.28499985,35.71300125,36.60950089,114.5999985,49.68999863,14.51333332
2077.98999,24.38750076,35.87549973,36.21250153,114.3899994,50.38999939,14.52866745
2071.219971,23.83250046,35.31949997,35.21250153,113.0199966,50.13000107,14.36466694
2083.25,23.77499962,35.70050049,35.30649948,113.3700027,50.06999969,14.64666653
2088.899902,23.97750092,35.79100037,35.44400024,114.3799973,51.18999863,14.64066696
2085.449951,23.88750076,35.52999878,35.52349854,113.9100037,50.99000168,13.11066723
2113.320068,24.02499962,36.10400009,35.74349976,115.0800018,51.90999985,13.09333324
2037.410034,23.35000038,34.94800186,34.25999832,112.0800018,49.83000183,12.87666702
2000.540039,23.01000023,34.56800079,34.05699921,108.9700012,48.43000031,13.23666668
2036.089966,23.39749908,35.39749908,34.56299973,112.6999969,49.43999863,13.45266724
2070.77002,23.60000038,35.77999878,34.7594986,114.1600037,50.54000092,14.0126667
2098.860107,23.89999962,35.78099823,35.17649841,114.2799988,51.16999817,14.15200043
2102.949951,23.97249985,36.2840004,35.51250076,114.1900024,51.15999985,14.4333334
2088.550049,23.74749947,36.40499878,35.24449921,114.1999969,51.16999817,14.26533318
2099.72998,23.88249969,36.88050079,35.44850159,116.6999969,51.38000107,14.29599953
2097.899902,23.98500061,36.82849884,35.36299896,115.8499985,51.38000107,14.39599991
2129.899902,24.17000008,37.29050064,35.88899994,117.2399979,52.29999924,14.45199966
2137.159912,24.24500084,37.68899918,36.36000061,117.8700027,52.59000015,14.98533344
2152.139893,24.35499954,37.41049957,36.62549973,117.9300003,53.20999908,14.9766674
2152.429932,24.21750069,37.13150024,36.47399902,116.7799988,53.50999832,14.83533287
2163.75,24.69750023,37.06000137,36.79000092,117.2900009,53.74000168,14.76866722
2161.73999,24.69499969,36.77199936,36.78150177,116.8600006,53.70000076,14.69333267
2166.889893,24.95750046,36.80350113,37.65999985,119.3700027,53.95999908,15.08333302
2163.780029,24.96750069,36.99750137,37.67050171,120.6100006,53.09000015,15.01733303
2173.02002,24.98999977,37.2859993,37.85400009,121.9199982,55.90999985,15.22399998
2165.169922,24.85750008,37.2215004,37.72050095,120.6100006,55.79999924,14.69999981
2175.030029,24.66500092,37.24300003,37.9640007,121,56.56999969,14.81799984
2168.47998,24.33499908,36.98049927,37.87599945,121.6299973,56.72999954,15.33399963
2169.179932,24.16749954,36.77949905,37.88249969,121.2200012,56.75999832,15.30066681
2166.580078,25.73749924,36.83349991,38.0984993,123.3399963,56.18999863,15.23266697
2170.060059,26.08499908,37.63050079,38.29199982,125,56.20999908,15.3739996
2173.600098,26.05249977,37.94049835,39.56700134,123.9400024,56.68000031,15.65266705
2170.840088,26.51250076,38.38700104,40.04700089,124.3099976,56.58000183,15.33399963
2157.030029,26.12000084,38.02899933,40.00600052,123.0899963,56.58000183,15.14666653
2163.790039,26.44750023,37.73199844,39.94599915,122.5100021,56.97000122,15.05266666
2164.25,26.46750069,38.03850174,39.86249924,124.3600006,57.38999939,15.3739996
2182.870117,26.87000084,38.29899979,40.3465004,125.1500015,57.95999908,15.33533287
2180.889893,27.09250069,38.32799911,40.26150131,125.2600021,58.06000137,15.07733345
2181.73999,27.20249939,38.41550064,40.37400055,125.0599976,58.20000076,15.27200031
2175.48999,27,38.4280014,40.42449951,124.8799973,58.02000046,15.04333305
2185.790039,26.98250008,38.56200027,40.40999985,124.9000015,58.29999924,14.99400043
2184.050049,27.04500008,38.62799835,40.35250092,124.8799973,57.93999863,15.04066658
2190.149902,27.37000084,38.42449951,40.29800034,123.9000015,58.11999893,15.03933334
2178.149902,27.34499931,38.20199966,40.05950165,123.3000031,57.43999863,14.90733337
2182.219971,27.30500031,38.23149872,40.27099991,124.3700027,57.56000137,14.88266659
2187.02002,27.27000046,38.22299957,40.13750076,123.9100037,57.59999847,14.90066719
2183.870117,27.34000015,37.8655014,39.98249817,123.5599976,57.61999893,15
2182.639893,27.12750053,37.97399902,39.84749985,124.1500015,57.66999817,14.86200047
2186.899902,27.21249962,38.12250137,39.82949829,124.3700027,57.88999939,14.98933315
2175.439941,27.00749969,37.86249924,39.68000031,123.4800034,57.95000076,14.84133339
2172.469971,26.89249992,37.96099854,39.56499863,123.8899994,58.16999817,14.73066711
2169.040039,26.73500061,38.45000076,39.6609993,124.9599991,58.02999878,14.66600037
2180.379883,26.70499992,38.5644989,39.79100037,126.5400009,58.09999847,14.34666729
2176.120117,26.5,38.37900162,39.59600067,125.8399963,57.88999939,14.08933258
2170.949951,26.52499962,38.45800018,39.49250031,126.1200027,57.45999908,14.13399982
2170.860107,26.68250084,38.53099823,39.56999969,126.1699982,57.59000015,13.3846674
2179.97998,26.93250084,38.62200165,39.84349823,126.5100021,57.66999817,13.18533325
2186.47998,26.92499924,39.44350052,40.40100098,129.7299957,57.61000061,13.52200031
2186.159912,27.09000015,39.22399902,40.3995018,131.0500031,57.65999985,13.44733334
2181.300049,26.37999916,39.20299911,40.14199829,130.2700043,57.43000031,13.15733337
2127.810059,25.78249931,38.00699997,39.42399979,127.0999985,56.20999908,12.96466732
2159.040039,26.36000061,38.57450104,39.94100189,128.6900024,57.04999924,13.22000027
2127.02002,26.98749924,38.05049896,39.43600082,127.2099991,56.52999878,13.06999969
2125.77002,27.94249916,38.05450058,39.52299881,127.7699966,56.25999832,13.09399986
2147.26001,28.89249992,38.48450089,40.06150055,128.3500061,57.18999863,13.36133289
2139.159912,28.72999954,38.92599869,39.89849854,129.0700073,57.25,13.69333267
2139.120117,28.39500046,38.75500107,39.76950073,128.6499939,56.93000031,13.75599957
2139.76001,28.39249992,39.01100159,39.98899841,128.6399994,56.81000137,13.64266682
2163.120117,28.38750076,39.48699951,40.25149918,129.9400024,57.75999832,13.68133259
2177.179932,28.65500069,40.23500061,40.79750061,130.0800018,57.81999969,13.76200008
2164.689941,28.17749977,40.28749847,40.7480011,127.9599991,57.43000031,13.82999992
2146.100098,28.21999931,39.95800018,40.13249969,127.3099976,56.90000153,13.93266678
2159.929932,28.27249908,40.80550003,40.53649902,128.6900024,57.95000076,13.72066689
2171.370117,28.48749924,41.43600082,40.50299835,129.2299957,58.02999878,13.75133324
2151.129883,28.04500008,41.45249939,40.13199997,128.0899963,57.40000153,13.38000011
2168.27002,28.26250076,41.8655014,40.20299911,128.2700043,57.59999847,13.60200024
2161.199951,28.12999916,41.8370018,40.01900101,128.7700043,57.41999817,14.24666691
2150.48999,28.25,41.70149994,40.13949966,128.1900024,57.24000168,14.09399986
2159.72998,28.26250076,42.2179985,40.06150055,128.4700012,57.63999939,13.89733315
2160.77002,28.47249985,42.08300018,40.15399933,128.7400055,57.74000168,13.39999962
2153.73999,28.51499939,41.9715004,40.03549957,128.9900055,57.79999924,13.10733318
2163.659912,29.01250076,42.08549881,40.70849991,130.2400055,58.04000092,13.39666653
2136.72998,29.07500076,41.54999924,40.47850037,128.8800049,57.18999863,13.34000015
2139.179932,29.33499908,41.70449829,40.58850098,129.0500031,57.11000061,13.43400002
2132.550049,29.24500084,41.4640007,40.20399857,127.8199997,56.91999817,13.34933281
2132.97998,29.40749931,41.14799881,40.22999954,127.8799973,57.41999817,13.100667
2126.5,29.38750076,40.64749908,40.34199905,127.5400009,57.22000122,12.93066692
2139.600098,29.36750031,40.88249969,41.07450104,128.5700073,57.65999985,13.2733326
2144.290039,29.28000069,40.8844986,41.34199905,130.1100006,57.52999878,13.57066727
2141.340088,29.26499939,40.51599884,41.08150101,130,57.25,13.2733326
2141.159912,29.14999962,40.94950104,41.20299911,132.0700073,59.65999985,13.33933258
2151.330078,29.41250038,41.90449905,41.78699875,133.2799988,61,13.51733303
2143.159912,29.5625,41.75899887,41.42750168,132.2899933,60.99000168,13.48933315
2139.429932,28.89749908,41.12950134,41.10499954,131.0399933,60.63000107,13.48266697
2133.040039,28.62000084,40.91799927,40.86750031,129.6900024,60.09999847,13.600667
2126.409912,28.43000031,38.81600189,40.97800064,131.2899933,59.86999893,13.33133316
2126.149902,28.38500023,39.49100113,40.49499893,130.9900055,59.91999817,13.18200016
2111.719971,27.87249947,39.27050018,40.27399826,129.5,59.79999924,12.7193327
2097.939941,27.89749908,38.27799988,39.42100143,127.1699982,59.43000031,12.53466702
2088.659912,27.45750046,38.35150146,39.10950089,120,59.20999908,12.49466705
2085.179932,27.20999908,37.75249863,39.05500031,120.75,58.70999908,12.70400047
2131.52002,27.60250092,39.24649811,40.10150146,122.1500015,60.41999817,12.88066673
2139.560059,27.76499939,39.38750076,40.59899902,124.2200012,60.47000122,12.99600029
2163.26001,27.71999931,38.59400177,40.27949905,123.1800003,60.16999817,12.67066669
2167.47998,26.94750023,37.11899948,39.01449966,120.8000031,58.70000076,12.35666656
2164.449951,27.10750008,36.95050049,38.58750153,119.0199966,59.02000046,12.57066727
2164.199951,26.42749977,35.95349884,37.6609993,115.0800018,58.11999893,12.09666729
2180.389893,26.77750015,37.16199875,38.75799942,117.1999969,58.86999893,12.25133324
2176.939941,27.49749947,37.32450104,38.99900055,116.3399963,59.65000153,12.26200008
2187.120117,27.48749924,37.81999969,39.30799866,117.7900009,60.63999939,12.57733345
2181.899902,27.51499939,38.00799942,38.79850006,117.0199966,60.34999847,12.33466721
2198.179932,27.93250084,39,39.24000168,121.7699966,60.86000061,12.30133343
2202.939941,27.95000076,39.26649857,39.25,121.4700012,61.11999893,12.74466705
2204.719971,27.80750084,39.00600052,38.95000076,120.8399963,60.40000153,12.8760004
2213.350098,27.94750023,39.01850128,39.01150131,120.3799973,60.52999878,13.10999966
2201.719971,27.89249992,38.33850098,39.28950119,120.4100037,60.61000061,13.07466698
2204.659912,27.86499977,38.12599945,39.47200012,120.8700027,61.09000015,12.63799953
2198.810059,27.62999916,37.5284996,38.79399872,118.4199982,60.25999832,12.62666702
2191.080078,27.37249947,37.18249893,38.21649933,115.0999985,59.20000076,12.12533283
2191.949951,27.47500038,37.01699829,38.22299957,115.4000015,59.25,12.09799957
2204.709961,27.27750015,37.9679985,38.9109993,117.4300003,60.22000122,12.4533329
2212.22998,27.48749924,38.23600006,38.80899811,117.3099976,59.95000076,12.39000034
2241.350098,27.75749969,38.52099991,39.57350159,117.9499969,61.36999893,12.87666702
2246.189941,28.03000069,38.36650085,39.75849915,118.9100037,61.00999832,12.81933308
2259.530029,28.48749924,38.43299866,40.47249985,119.6800003,61.97000122,12.81200027
2256.959961,28.32500076,38.00600052,40.39500046,117.7699966,62.16999817,12.82866669
2271.719971,28.79750061,38.71699905,40.76699829,120.3099976,62.97999954,13.21000004
2253.280029,28.79750061,38.44100189,40.89450073,120.2099991,62.68000031,13.24600029
2262.030029,28.95499992,38.04999924,40.78250122,120.5699997,62.58000183,13.17199993
2258.070068,28.99250031,37.88850021,40.49200058,119.8700027,62.29999924,13.49933338
2262.530029,29.15999985,38.29999924,40.625,119.2399979,63.61999893,13.51533318
2270.76001,29.23749924,38.56100082,40.75999832,119.0899963,63.54000092,13.91933346
2265.179932,29.26499939,38.52999878,40.61000061,119.0400009,63.54000092,13.84666729
2260.959961,29.07250023,38.31700134,40.48400116,117.4000015,63.54999924,13.89666653
2263.790039,29.12999916,38.02949905,40.38999939,117.2699966,63.24000168,14.22266674
2268.879883,29.31500053,38.56999969,40.49649811,118.0100021,63.27999878,14.63533306
2249.919922,29.19000053,38.60649872,40.22850037,116.9199982,62.99000168,14.649333
2249.26001,29.18250084,38.25749969,40.14400101,116.3499985,62.90000153,14.31200027
2238.830078,28.95499992,37.49349976,39.62250137,115.0500031,62.13999939,14.24600029
2257.830078,29.03750038,37.68349838,40.40050125,116.8600006,62.58000183,14.4659996
2270.75,29.00499916,37.85900116,40.38850021,118.6900024,62.29999924,15.13266659
2269,29.15250015,39.02249908,40.65100098,120.6699982,62.29999924,15.11666679
2276.97998,29.47750092,39.79949951,41.26050186,123.4100037,62.84000015,15.26733303
2268.899902,29.74749947,39.84600067,41.35900116,124.9000015,62.63999939,15.41866684
2268.899902,29.77750015,39.79499817,41.30049896,124.3499985,62.61999893,15.32466698
2275.320068,29.9375,39.95100021,41.49300003,126.0899963,63.18999863,15.31533337
2270.439941,29.8125,40.68199921,41.47650146,126.6200027,62.61000061,15.30599976
2274.639893,29.76000023,40.85699844,41.54700089,128.3399963,62.70000076,15.85000038
2267.889893,30,40.48600006,41.3730011,127.8700027,62.52999878,15.70533276
2271.889893,29.99749947,40.37400055,41.45100021,127.9199982,62.5,15.89066696
2263.689941,29.94499969,40.45199966,41.21849823,127.5500031,62.29999924,16.25066757
2271.310059,30,40.41650009,41.40850067,127.0400009,62.74000168,16.31533241
2265.199951,30.02000046,40.89400101,42.2215004,128.9299927,62.95999908,16.59466743
2280.070068,29.99250031,41.12200165,42.47650146,129.3699951,63.52000046,16.97400093
2298.370117,30.46999931,41.82600021,42.92250061,131.4799957,63.68000031,16.96466637
2296.679932,30.48500061,41.95750046,42.84899902,132.7799988,64.26999664,16.83399963
2294.689941,30.48749924,41.78850174,42.25149918,132.1799927,65.77999878,16.86333275
2280.899902,30.40749931,41.51900101,41.19150162,130.9799957,65.12999725,16.70866776
2278.870117,30.33749962,41.17399979,41.0094986,130.3200073,64.65000153,16.79533386
2279.550049,32.1875,41.61750031,40.76200104,133.2299957,63.58000183,16.61599922
2280.850098,32.13249969,41.99750137,40.9129982,130.8399963,63.16999817,16.77000046
2297.419922,32.27000046,40.50999832,41.00650024,130.9799957,63.68000031,16.75533295
2292.560059,32.57249832,40.38199997,41.08100128,132.0599976,63.63999939,17.18466759
2293.080078,32.88249969,40.625,41.46149826,131.8399963,63.43000031,17.16533279
2294.669922,33.00999832,40.98550034,41.49399948,134.1999969,63.34000015,17.47200012
2307.870117,33.10499954,41.06800079,41.50299835,134.1399994,64.05999756,17.94666672
2316.100098,33.02999878,41.3730011,41.74250031,134.1900024,64,17.94866753
2328.25,33.32249832,41.82649994,41.94800186,134.0500031,64.72000122,18.70666695
2337.580078,33.75500107,41.81949997,42.00149918,133.8500061,64.56999969,18.73200035
2349.25,33.87749863,42.13499832,41.86600113,133.4400024,64.52999878,18.65066719
2347.219971,33.83750153,42.20700073,42.10850143,133.8399963,64.51999664,17.93000031
2351.159912,33.93000031,42.25350189,42.32749939,133.5299988,64.62000275,18.14866638
2365.379883,34.17499924,42.8219986,42.46350098,133.7200012,64.48999786,18.49266624
2362.820068,34.27750015,42.7804985,42.56800079,136.1199951,64.36000061,18.23399925
2363.810059,34.13249969,42.60950089,42.54999924,135.3600006,64.62000275,17.06599998
2367.340088,34.16500092,42.26200104,42.39049911,135.4400024,64.62000275,17.13333321
2369.75,34.23249817,42.43199921,42.48350143,136.4100037,64.23000336,16.41533279
2363.639893,34.24750137,42.2519989,42.24649811,135.5399933,63.97999954,16.66600037
2395.959961,34.94749832,42.65399933,42.83750153,137.4199982,64.94000244,16.66799927
2381.919922,34.74000168,42.44549942,42.49250031,136.7599945,64.01000214,16.69866753
2383.120117,34.94499969,42.49399948,42.45399857,137.1699982,64.25,16.77133369
2375.310059,34.83499908,42.33050156,42.36349869,137.4199982,64.26999664,16.74733353
2368.389893,34.88000107,42.30099869,42.55749893,137.3000031,64.40000153,16.57266617
2362.97998,34.75,42.52500153,42.68199921,137.7200012,64.98999786,16.45800018
2364.870117,34.66999817,42.65000153,42.89199829,138.2400055,64.73000336,16.32666779
2372.600098,34.78499985,42.6230011,43.07049942,138.7899933,64.93000031,16.24600029
2373.469971,34.79999924,42.72949982,43.22900009,139.6000061,64.70999908,16.41133308
2365.449951,34.74750137,42.62649918,43.29550171,139.3200073,64.41000366,17.20000076
2385.26001,35.11500168,42.64849854,43.41949844,139.7200012,64.75,17.04866791
2381.379883,35.17250061,42.67100143,43.5,139.9900055,64.63999939,17.46999931
2378.25,34.99750137,42.6155014,43.61849976,139.8399963,64.87000275,17.43333244
2373.469971,35.36500168,42.8484993,43.39550018,139.9400024,64.93000031,17.46133232
2344.02002,34.95999908,42.15999985,42.50699997,138.5099945,64.20999908,16.71199989
2348.449951,35.35499954,42.40299988,42.49000168,139.5899963,65.02999878,17.00066757
2345.959961,35.22999954,42.36899948,41.98249817,139.5299988,64.87000275,16.98533249
2343.97998,35.15999985,42.2804985,41.75699997,140.3399963,64.98000336,17.54400063
2341.590088,35.22000122,42.3409996,41.92549896,140.3200073,65.09999847,18.01466751
2358.570068,35.95000076,42.79999924,42.03150177,141.7599945,65.29000092,18.49666786
2361.129883,36.02999878,43.7159996,42.49349976,142.6499939,65.47000122,18.49200058
2368.060059,35.98249817,43.81700134,42.47399902,142.4100037,65.70999908,18.52799988
2362.719971,35.91500092,44.32699966,42.38999939,142.0500031,65.86000061,18.55333328
2358.840088,35.92499924,44.57550049,42.83750153,142.2799988,65.55000305,19.90133286
2360.159912,36.19250107,45.34149933,42.62850189,141.7299957,65.73000336,20.24666786
2352.949951,36.00500107,45.4640007,42.44549942,141.8500061,65.55999756,19.66666794
2357.48999,35.91500092,44.91400146,42.25500107,141.1699982,65.73000336,19.91333389
2355.540039,35.83499908,44.74399948,42.10499954,140.7799988,65.68000031,20.1693325
2357.159912,35.79249954,45.35200119,42.08499908,141.0399933,65.52999878,20.82600021
2353.780029,35.40750122,45.11800003,41.99399948,139.9199982,65.48000336,20.5806675
2344.929932,35.45000076,44.81150055,42.07300186,139.5800018,65.23000336,19.78933334
2328.949951,35.26250076,44.23350143,42.00899887,139.3899994,64.94999695,20.26666641
2349.01001,35.45750046,45.09949875,42.75650024,141.4199982,65.48000336,20.09600067
2342.189941,35.29999924,45.18899918,42.69950104,140.9600067,65.38999939,20.01666641
2338.169922,35.16999817,44.95999908,42.82550049,142.2700043,65.04000092,20.36800003
2355.840088,35.61000061,45.10300064,43.00400162,143.8000031,65.5,20.1673336
2348.689941,35.56750107,44.92649841,42.94749832,143.6799927,66.40000153,20.37333298
2374.149902,35.90999985,45.37049866,43.94649887,145.4700012,67.52999878,20.53533363
2388.610107,36.13249969,45.38100052,44.44200134,146.4900055,67.91999817,20.9193325
2387.449951,35.91999817,45.46450043,44.45700073,146.5599976,67.83000183,20.6779995
2388.77002,35.94749832,45.91899872,44.5719986,147.6999969,68.26999664,20.57533264
2384.199951,35.91249847,46.24950027,46.22600174,150.25,68.45999908,20.93799973
2388.330078,36.64500046,47.41149902,46.64099884,152.4600067,69.41000366,21.52199936
2391.169922,36.87749863,47.34700012,46.85449982,152.7799988,69.30000305,21.25933266
2388.129883,36.76499939,47.05149841,47.42250061,151.8000031,69.08000183,20.73466682
2389.52002,36.63249969,46.87649918,47.73600006,150.8500061,68.80999756,19.69733238
2399.290039,37.24000168,46.70750046,47.51399994,150.2400055,69,20.55666733
2399.379883,38.25249863,47.45199966,47.93450165,151.0599976,68.94000244,20.47933388
2396.919922,38.49750137,47.64099884,47.83549881,150.4799957,69.04000092,21.4173336
2399.629883,38.31499863,47.44749832,47.74200058,150.2899933,69.30999756,21.68133354
2394.439941,38.48749924,47.38100052,47.79449844,150.0399933,68.45999908,21.54000092
2390.899902,39.02500153,48.06750107,47.75699997,150.3300018,68.37999725,21.65399933
2402.320068,38.92499924,47.89849854,47.96099854,150.1900024,68.43000031,21.05866623
2400.669922,38.86750031,48.30350113,48.23049927,149.7799988,69.41000366,21.13400078
2357.030029,37.5625,47.23799896,47.10850143,144.8500061,67.48000336,20.40733337
2365.719971,38.13499832,47.92449951,47.52500153,147.6600037,67.70999908,20.8706665
2381.72998,38.26499939,47.99200058,47.73249817,148.0599976,67.69000244,20.72200012
2394.02002,38.49750137,48.53350067,48.20349884,148.2400055,68.44999695,20.69000053
2398.419922,38.45000076,48.57699966,48.52750015,148.0700073,68.68000031,20.25733376
2404.389893,38.33499908,49.01750183,48.88050079,150.0399933,68.76999664,20.68133354
2415.070068,38.46749878,49.66899872,49.5929985,151.9600067,69.62000275,21.12199974
2415.820068,38.40250015,49.78900146,49.66350174,152.1300049,69.95999908,21.6760006
2412.909912,38.41749954,49.83499908,49.80849838,152.3800049,70.41000366,22.34000015
2411.800049,38.18999863,49.73099899,49.35449982,151.4600067,69.83999634,22.73399925
2430.060059,38.29499817,49.79750061,49.41450119,151.5299988,70.09999847,22.69133377
2439.070068,38.86249924,50.33649826,49.80599976,153.6100006,71.76000214,22.65666771
2436.100098,38.48249817,50.56700134,50.19400024,153.6300049,72.27999878,23.1546669
2429.330078,38.61249924,50.15000153,49.83399963,152.8099976,72.51999664,23.5233326
2433.139893,38.84249878,50.50350189,50.07500076,153.1199951,72.38999939,23.9766674
2433.790039,38.74750137,50.51350021,50.2140007,154.7100067,71.94999695,24.66666794
2431.77002,37.24499893,48.91550064,48.50600052,149.6000061,70.31999969,23.82133293
2429.389893,36.35499954,48.24549866,48.09049988,148.4400024,69.77999878,23.93400002
2440.350098,36.64749908,49.03950119,48.52500153,150.6799927,70.65000153,25.06333351
2437.919922,36.29000092,48.82350159,48.39649963,150.25,70.26999664,25.37733269
2432.459961,36.07249832,48.20849991,48.00899887,149.8000031,69.90000153,25.02266693
2433.149902,35.56750107,49.38550186,47.93099976,150.6399994,70,24.76000023
2453.459961,36.58499908,49.75849915,48.76100159,152.8699951,70.87000275,24.65333366
2437.030029,36.25249863,49.62950134,48.44950104,152.25,69.91000366,24.81599998
2435.610107,36.46749878,50.11149979,48.92950058,153.9100037,70.26999664,25.09333229
2434.5,36.40750122,50.06499863,48.83100128,153.3999939,70.26000214,25.50733376
2438.300049,36.56999969,50.18700027,49.30450058,155.0700073,71.20999908,25.56333351
2439.070068,36.45500183,49.69900131,48.60449982,153.5899963,70.52999878,25.16600037
2419.379883,35.93249893,48.8390007,47.40449905,150.5800018,69.20999908,24.15800095
2440.689941,36.45750046,49.51649857,48.05049896,153.2400055,69.80000305,24.74933243
2419.699951,35.91999817,48.79650116,46.89099884,151.0399933,68.48999786,24.04999924
2423.409912,36.00500107,48.40000153,46.48400116,150.9799957,68.93000031,24.10733223
2429.01001,35.875,47.68299866,45.97299957,148.4299927,68.16999817,23.50799942
2432.540039,36.02249908,48.56999969,46.61299896,150.3399963,69.08000183,21.80599976
2409.75,35.68249893,48.25699997,46.3844986,148.8200073,68.56999969,20.58866692
2425.179932,36.04499817,48.93799973,47.04050064,151.4400024,69.45999908,20.8813324
2427.429932,36.26499939,49.82350159,47.54999924,153.5,69.98000336,21.06999969
2425.530029,36.38249969,49.70650101,47.67649841,155.2700043,69.98999786,21.81466675
2443.25,36.43500137,50.32550049,48.38299942,158.8999939,71.15000153,21.96800041
2447.830078,36.94250107,50.03150177,48.44250107,159.2599945,71.76999664,21.56066704
2459.27002,37.25999832,50.09049988,48.84550095,159.9700012,72.77999878,21.85199928
2459.139893,37.38999939,50.5019989,48.79800034,159.7299957,73.34999847,21.30466652
2460.610107,37.52000046,51.22249985,49.34749985,162.8600006,73.30000305,21.88266754
2473.830078,37.75500107,51.34349823,49.63850021,164.1399994,73.86000061,21.68400002
2473.449951,37.58499908,51.43500137,49.60950089,164.5299988,74.22000122,21.99466705
2472.540039,37.56750107,51.28350067,49.69200134,164.4299927,73.79000092,21.89333344
2469.909912,38.02249908,51.94749832,49.91550064,166,73.59999847,22.83466721
2477.129883,38.18500137,51.99349976,48.45149994,165.2799988,74.19000244,22.63999939
2477.830078,38.36500168,52.63999939,48.26549911,165.6100006,74.05000305,22.92333221
2475.419922,37.63999939,52.29999924,47.62549973,170.4400024,73.16000366,22.29733276
2472.100098,37.375,51.0019989,47.91650009,172.4499969,73.04000092,22.33799934
2470.300049,37.18249893,49.38899994,47.27500153,169.25,72.69999695,21.56466675
2476.350098,37.51250076,49.80950165,47.32799911,169.8600006,72.58000183,21.30466652
2477.570068,39.28499985,49.79449844,47.38199997,169.3000031,72.26000214,21.72599983
2472.159912,38.89250183,49.34600067,47.01499939,168.5899963,72.15000153,23.13933372
2476.830078,39.09749985,49.37900162,47.28950119,169.6199951,72.68000031,23.79400063
2480.909912,39.70249939,49.61349869,47.28749847,171.9799957,72.40000153,23.6779995
2474.919922,40.02000046,49.49200058,47.20949936,171.2299957,72.79000092,24.34799957
2474.02002,40.26499939,49.1004982,47.00400162,171.1799927,72.47000122,24.23533249
2438.209961,38.83000183,47.84600067,46.17950058,167.3999939,71.41000366,23.69333267
2441.320068,39.36999893,48.3995018,46.50450134,168.0800018,72.5,23.8579998
2465.840088,39.96250153,49.16500092,46.94649887,170.75,73.58999634,24.25333214
2464.610107,40.40000153,49.13700104,46.90399933,171,73.22000122,24.15533257
2468.110107,40.23749924,48.9090004,47.21350098,170,73.65000153,24.19400024
2430.01001,39.46500015,48.0284996,46.38299942,166.9100037,72.40000153,23.46133232
2425.550049,39.375,47.92350006,46.30899811,167.4100037,72.48999786,23.16399956
2428.370117,39.30250168,47.66450119,46.04349899,167.7799988,72.15000153,22.52400017
2452.51001,39.94499969,48.34500122,47.02000046,169.6399994,73.16000366,22.75666618
2444.040039,39.99499893,47.90000153,47.12900162,168.7100067,72.72000122,23.51799965
2438.969971,39.81750107,47.62250137,46.8445015,167.7400055,72.69000244,23.52866745
2443.050049,39.96500015,47.26300049,46.52500153,166.3200073,72.81999969,23.2033329
2444.23999,40.36750031,47.30099869,46.40650177,167.2400055,72.83000183,23.04400063
2446.300049,40.72750092,47.70299911,46.78749847,168.0500031,73.05000305,23.15733337
2457.590088,40.83750153,48.37950134,47.18149948,169.9199982,74.01000214,23.54533386
2471.649902,41,49.02999878,47.76200104,171.9700012,74.76999664,23.7266674
2476.550049,41.01250076,48.91249847,47.59949875,172.0200043,73.94000244,23.69333267
2457.850098,40.52000046,48.26350021,47.07400131,170.7200012,73.61000061,23.30599976
2465.540039,40.47750092,48.38999939,47.10100174,172.0899963,73.40000153,22.96866608
2465.100098,40.31499863,48.9734993,47.49449921,173.2100067,74.33999634,23.37400055
2461.429932,39.65750122,48.29499817,47.07049942,170.9499969,73.98000336,22.89333344
2488.110107,40.375,48.89799881,47.16450119,173.5099945,74.76000214,24.24600029
2496.47998,40.21500015,49.12900162,47.33250046,172.9600067,74.68000031,24.18333244
2498.370117,39.91249847,49.97999954,47.52199936,173.0500031,75.20999908,24.41533279
2495.620117,39.56999969,49.61050034,47.00650024,170.9600067,74.76999664,25.1760006
2500.22998,39.97000122,49.33950043,46.76449966,171.6399994,75.30999756,25.32066727
2503.870117,39.66749954,48.70949936,46.48749924,170.0099945,75.16000366,25.66666794
2506.649902,39.68249893,48.49300003,46.8429985,172.5200043,75.44000244,25.00666618
2508.23999,39.01750183,48.66049957,47.3769989,172.1699982,74.94000244,24.92733383
2500.600098,38.34749985,48.23249817,47.37749863,171.1100006,74.20999908,24.43199921
2502.219971,37.97249985,47.75500107,47.1629982,170.5399933,74.41000366,23.40600014
2496.659912,37.63750076,46.98949814,46.7140007,162.8699951,73.26000214,22.99933243
2496.840088,38.28499985,46.93000031,46.87149811,164.2100067,73.26000214,23.01666641
2507.040039,38.55749893,47.54349899,47.99499893,167.6799927,73.84999847,22.73133278
2510.060059,38.31999969,47.81999969,48.2405014,168.7299957,73.87000275,22.63999939
2519.360107,38.52999878,48.06750107,48.68600082,170.8699951,74.48999786,22.73999977
2529.120117,38.45249939,47.95949936,48.37350082,169.4700012,74.61000061,22.76866722
2534.580078,38.61999893,47.85499954,48.60400009,169.9600067,74.26000214,23.20933342
2537.73999,38.36999893,48.27249908,48.3390007,168.4199982,74.69000244,23.6673336
2552.070068,38.84749985,49.04249954,49.2594986,171.2400055,75.97000122,23.6886673
2549.330078,38.82500076,49.47900009,49.68199921,172.2299957,76,23.79199982
2544.72998,38.95999908,49.54949951,49.6155014,172.5,76.29000092,22.86266708
2550.639893,38.97499847,49.36000061,49.38999939,171.5899963,76.29000092,23.70599937
2555.23999,39.13750076,49.75,50.28250122,172.7400055,76.41999817,23.63999939
2550.929932,39,50.04650116,50.28250122,172.5500031,77.12000275,23.71199989
2553.169922,39.24750137,50.14699936,50.39350128,173.7400055,77.48999786,23.70466614
2557.639893,39.97000122,50.31700134,50.46749878,174.5200043,77.65000153,23.37333298
2559.360107,40.11750031,50.45650101,50.54999924,176.1100006,77.58999634,23.71666718
2561.26001,39.93999863,49.84999847,50.63700104,176.0299988,77.61000061,23.9766674
2562.100098,38.99499893,49.33050156,50.09199905,174.5599976,77.91000366,23.45400047
2575.209961,39.0625,49.14550018,50.25350189,174.9799957,78.80999756,23.00666618
2564.97998,39.04249954,48.31499863,49.27700043,171.2700043,78.83000183,22.46800041
2569.129883,39.27500153,48.79499817,49.42449951,171.8000031,78.86000061,22.4893322
2557.149902,39.10250092,48.64550018,49.57300186,170.6000061,78.62999725,21.72266769
2560.399902,39.35250092,48.62149811,49.57099915,170.6300049,78.76000214,21.74466705
2581.070068,40.76250076,55.04750061,51.68349838,177.8800049,83.80999756,21.39133263
2572.830078,41.68000031,55.54249954,51.65650177,179.8699951,83.88999939,21.33866692
2575.26001,42.25999832,55.26399994,51.65200043,180.0599976,83.18000031,22.10199928
2579.360107,41.72249985,55.18399811,52.13000107,182.6600037,83.18000031,21.40533257
2579.850098,42.02750015,54.71099854,52.14849854,178.9199982,84.05000305,19.95066643
2587.840088,43.125,55.58000183,52.49950027,178.9199982,84.13999939,20.40600014
2591.129883,43.5625,56.03300095,52.13399887,180.1699982,84.47000122,20.18533325
2590.639893,43.70249939,56.15850067,52.61949921,180.25,84.26999664,20.40333366
2594.379883,44.06000137,56.64400101,52.91450119,179.5599976,84.55999756,20.29266739
2584.620117,43.97000122,56.45650101,52.38600159,179.3000031,84.08999634,20.19933319
2582.300049,43.66749954,56.26750183,52.20750046,178.4600067,83.87000275,20.19933319
2584.840088,43.49250031,56.45849991,52.06000137,178.7700043,83.93000031,21.02666664
2578.870117,42.83499908,56.84199905,52.08200073,178.0700073,84.05000305,20.57999992
2564.620117,42.27000046,56.33449936,51.82049942,177.9499969,82.98000336,20.75333214
2585.639893,42.77500153,56.86449814,52.42350006,179.5899963,83.19999695,20.83333206
2578.850098,42.53749847,56.49399948,51.79449844,179,82.40000153,21.00333214
2582.139893,42.49499893,56.31549835,51.73300171,178.7400055,82.52999878,20.5826664
2599.030029,43.28499985,56.97449875,52.51499939,181.8600006,83.72000122,21.18733215
2597.080078,43.74000168,57.80799866,52.59600067,180.8699951,83.11000061,20.84000015
2602.419922,43.74250031,59.29999924,52.82600021,182.7799988,83.26000214,21.03666687
2601.419922,43.52249908,59.79150009,53.6004982,183.0299988,83.87000275,21.1206665
2627.040039,43.26750183,59.68000031,53.16450119,182.4199982,84.87999725,21.17000008
2626.070068,42.36999893,58.06349945,51.86899948,175.1300049,83.33999634,20.50266647
2647.580078,42.96250153,58.83750153,51.80849838,177.1799927,84.16999817,20.59000015
2642.219971,42.76250076,58.11750031,51.25350189,175.1000061,84.26000214,20.43533325
2639.439941,42.45000076,56.69749832,50.59349823,171.4700012,81.08000183,20.34666634
2629.570068,42.40999985,57.07849884,50.97999954,172.8300018,81.58999634,20.24666786
2629.27002,42.25249863,57.61750031,51.63600159,176.0599976,82.77999878,20.88400078
2636.97998,42.33000183,57.98949814,52.22850037,180.1399994,82.48999786,20.74933243
2651.5,42.34249878,58.09999847,52.46900177,179,84.16000366,21.00866699
2659.98999,43.16749954,58.44599915,52.5984993,179.0399933,85.23000336,21.92733383
2664.110107,42.92499924,58.25400162,52.43849945,176.9600067,85.58000183,22.73533249
2662.850098,43.06750107,58.20650101,52.56949997,178.3000031,85.34999847,22.60199928
2652.01001,43.05500031,58.71300125,52.87350082,178.3899994,84.69000244,22.52599907
2675.810059,43.49250031,58.95700073,53.59999847,180.1799927,86.84999847,22.89666748
2690.159912,44.10499954,59.52899933,54.25450134,180.8200073,86.37999725,22.59133339
2681.469971,43.63499832,59.36899948,53.98899841,179.5099945,85.83000183,22.07333374
2679.25,43.58750153,58.88100052,53.6780014,177.8899994,85.51999664,21.93199921
2684.570068,43.75249863,58.73799896,53.54249954,177.4499969,85.5,22.11066628
2683.340088,43.75249863,58.41799927,53.44300079,177.1999969,85.51000214,21.68000031
2680.5,42.64250183,58.83800125,53.29249954,175.9900055,85.40000153,21.15266609
2682.620117,42.65000153,59.11299896,53.00999832,177.6199951,85.70999908,20.77599907
2687.540039,42.77000046,59.30500031,52.79750061,177.9199982,85.72000122,21.02400017
2673.610107,42.30749893,58.4734993,52.66999817,176.4600067,85.54000092,20.75666618
2695.810059,43.06499863,59.45050049,53.66049957,181.4199982,85.94999695,21.3686676
2713.060059,43.05749893,60.20999908,54.57600021,184.6699982,86.34999847,21.14999962
2723.98999,43.25749969,60.47949982,54.7879982,184.3300018,87.11000061,20.9746666
2743.149902,43.75,61.45700073,55.51449966,186.8500061,88.19000244,21.10533333
2747.709961,43.58750153,62.34349823,55.71049881,188.2799988,88.27999878,22.42733383
2751.290039,43.58250046,62.63499832,55.63949966,187.8699951,88.22000122,22.24600029
2748.22998,43.57249832,62.71649933,55.50699997,187.8399963,87.81999969,22.31999969
2767.560059,43.81999969,63.83399963,55.60250092,187.7700043,88.08000183,22.53000069
2786.23999,44.27249908,65.26000214,56.53250122,179.3699951,89.59999847,22.41466713
2776.419922,44.04750061,65.24299622,56.53499985,178.3899994,88.34999847,22.67066765
2802.560059,44.77500153,64.75,56.95500183,177.6000061,90.13999939,23.1439991
2798.030029,44.81499863,64.66600037,56.79850006,179.8000031,90.09999847,22.97133255
2810.300049,44.61500168,64.72899628,57.17499924,181.2899933,90,23.33466721
2832.969971,44.25,66.3655014,58.20800018,185.3699951,91.61000061,23.43733215
2839.129883,44.25999832,68.1269989,58.80849838,189.3500061,91.90000153,23.51933289
2837.540039,43.55500031,67.87550354,58.5644989,186.5500031,91.81999969,23.0593338
2839.25,42.77750015,68.89749908,59.10699844,187.4799957,92.33000183,22.50933266
2872.870117,42.87749863,70.10250092,59.37799835,190,94.05999756,22.85666656
2853.530029,41.99000168,70.88400269,59.32400131,185.9799957,93.91999817,23.30200005
2822.429932,41.74250031,71.89099884,58.86849976,187.1199951,92.73999786,23.05466652
2823.810059,41.85749817,72.54450226,59.11100006,186.8899994,95.01000214,23.6206665
2821.97998,41.94499969,69.5,59.07949829,193.0899963,94.26000214,23.28333282
2762.129883,40.125,71.49749756,55.95999908,190.2799988,91.77999878,22.91666794
2648.939941,39.12250137,69.5,53.11949921,181.2599945,88,22.20866776
2695.139893,40.75749969,72.14199829,54.2215004,185.3099976,91.33000183,22.26466751
2681.659912,39.88499832,70.83899689,52.77050018,180.1799927,89.61000061,23
2581,38.78749847,67.52500153,50.38550186,171.5800018,85.01000214,21.01533318
2619.550049,39.10250092,66.98000336,52.31349945,176.1100006,88.18000031,20.69466782
2656,40.67750168,69.31150055,52.72800064,176.4100037,89.12999725,21.04866791
2662.939941,41.08499908,70.72550201,52.70700073,173.1499939,89.83000183,21.57733345
2698.629883,41.84249878,72.55249786,53.63499832,179.5200043,90.80999756,21.4873333
2731.199951,43.24750137,73.08799744,54.56800079,179.9600067,92.66000366,22.27133369
2732.219971,43.10749817,72.43450165,54.77500153,177.3600006,92,22.36599922
2716.26001,42.96250153,73.41750336,55.17950058,176.0099945,92.72000122,22.31800079
2701.330078,42.76750183,74.14600372,55.6875,177.9100037,91.48999786,22.21999931
2703.959961,43.125,74.26699829,55.49499893,178.9900055,91.73000336,23.07799911
2747.300049,43.875,75,56.40449905,183.2899933,94.05999756,23.46999931
2779.600098,44.74250031,76.09750366,57.18500137,184.9299927,95.41999817,23.82799911
2744.280029,44.59749985,75.59899902,55.87549973,181.4600067,94.19999695,23.39933205
2713.830078,44.52999878,75.62249756,55.19599915,178.3200073,93.76999664,22.8706665
2677.669922,43.75,74.67250061,53.57049942,175.9400024,92.84999847,22.06200027
2691.25,44.05250168,75.01249695,54.20700073,176.6199951,93.05000305,22.34133339
2720.939941,44.20500183,76.18049622,54.73799896,180.3999939,93.63999939,22.22333336
2728.120117,44.16749954,76.88200378,55.04499817,179.7799988,93.31999969,21.87999916
2726.800049,43.75749969,77.25,55.7519989,183.7100067,93.86000061,22.15333366
2738.969971,44.23500061,77.59300232,56.46900177,182.3399963,94.43000031,21.94000053
2786.570068,44.99499893,78.94450378,58.04199982,185.2299957,96.54000092,21.8113327
2783.02002,45.43000031,79.91950226,58.29650116,184.7599945,96.76999664,23.0340004
2765.310059,44.99250031,79.40899658,56.99549866,181.8800049,94.41000366,22.78933334
2749.47998,44.61000061,79.55000305,57.44449997,184.1900024,93.84999847,21.7753334
2747.330078,44.66249847,79.11599731,57.5304985,183.8600006,94.18000031,21.70666695
2752.01001,44.50500107,78.58399963,56.72100067,185.0899963,94.59999847,21.42333221
2712.919922,43.82500076,77.24649811,55.00350189,172.5599976,92.88999939,20.90399933
2716.939941,43.81000137,79.32550049,54.79000092,168.1499939,93.12999725,20.7033329
2711.929932,42.81750107,79.09300232,54.70000076,169.3899994,92.48000336,21.10199928
2643.689941,42.21250153,77.2460022,52.65750122,164.8899994,89.79000092,20.60666656
2588.26001,41.23500061,74.77799988,51.32749939,159.3899994,87.18000031,20.10266685
2658.550049,43.19250107,77.79299927,52.70449829,160.0599976,93.77999878,20.27866745
2612.620117,42.08499908,74.85250092,50.34700012,152.2200012,89.47000122,18.61199951
2605,41.61999893,71.57099915,50.25899887,153.0299988,89.38999939,17.18533325
2640.870117,41.94499969,72.36699677,51.85699844,159.7899933,91.26999664,17.74200058
2581.879883,41.66999817,68.59950256,50.63150024,155.3899994,88.51999664,16.83200073
2614.449951,42.09749985,69.60250092,50.93399811,156.1100006,89.70999908,17.83533287
2644.689941,42.90250015,70.52850342,51.48550034,155.1000061,92.33000183,19.1293335
2662.840088,43.20000076,72.58750153,51.63199997,159.3399963,92.37999725,20.3813324
2604.469971,42.09500122,70.2614975,50.49750137,157.1999969,90.23000336,19.9533329
2613.159912,42.51250076,70.30400085,51.00450134,157.9299927,90.76999664,19.31066704
2656.870117,43.3125,71.81099701,51.82500076,165.0399933,92.87999725,20.31333351
2642.189941,43.11000061,71.35250092,51.25299835,166.3200073,91.86000061,20.06200027
2663.98999,43.53499985,72.42500305,51.86449814,163.8699951,93.58000183,19.60533333
2656.300049,43.68249893,71.53949738,51.80199814,164.5200043,93.08000183,20.02266693
2677.840088,43.95500183,72.07499695,52.30500031,164.8300018,94.16999817,19.41399956
2706.389893,44.56000137,75.1914978,53.9679985,168.6600037,96.06999969,19.17933273
2708.639893,44.45999908,76.39199829,53.76950073,166.3600006,96.44000244,19.55666733
2693.129883,43.20000076,77.84549713,54.47249985,168.1000061,96.11000061,20.00533295
2670.139893,41.43000031,76.37449646,53.86600113,166.2799988,95,19.34933281
2670.290039,41.31000137,75.89299774,53.69049835,165.8399963,95.34999847,18.89133263
2634.560059,40.73500061,73.00450134,51.13199997,159.6900024,93.12000275,18.89733315
2639.399902,40.91249847,73.00849915,51.1495018,159.6900024,92.30999756,18.71266747
2666.939941,41.05500031,75.89800262,52.16550064,174.1600037,94.26000214,19.03199959
2669.909912,40.58000183,78.6309967,51.57249832,173.5899963,95.81999969,19.60533333
2648.050049,41.31499863,78.3065033,50.92900085,172,93.51999664,19.59333229
2654.800049,42.27500153,79.11299896,52.03749847,173.8600006,95,19.99466705
2635.669922,44.14250183,78.48400116,51.30250168,176.0700073,93.51000214,20.07666779
2629.72998,44.22249985,78.60399628,51.31499863,174.0200043,94.06999969,18.96333313
2663.419922,45.95750046,79.04750061,52.54999924,176.6100006,95.16000366,19.6060009
2672.629883,46.29000092,80.00700378,52.97299957,177.9700012,96.22000122,20.18466759
2671.919922,46.51250076,79.61949921,52.92950058,178.9199982,95.80999756,20.1313324
2697.790039,46.84000015,80.40000153,54.44749832,182.6600037,96.94000244,20.45666695
2723.070068,47.50999832,80.45400238,55.27349854,185.5299988,97.91000366,20.33466721
2727.719971,47.14749908,80.14550018,55.16899872,186.9900055,97.69999695,20.07066727
2730.129883,47.03749847,80.07700348,55.33000183,186.6399994,98.02999878,19.46466637
2711.449951,46.61000061,78.80599976,54.24349976,184.3200073,97.31999969,18.94533348
2722.459961,47.04499817,79.36399841,54.20449829,183.1999969,97.15000153,19.09866714
2720.129883,46.74750137,79.08799744,54.06299973,183.7599945,96.18000031,18.96933365
2712.969971,46.57749939,78.71849823,53.48199844,182.6799927,96.36000061,18.45466614
2733.01001,46.90750122,79.27300262,54.20050049,184.4900055,97.59999847,18.9659996
2724.439941,46.79000092,79.06999969,53.76549911,183.8000031,97.5,18.33399963
2733.290039,47.09000015,80.09300232,54.29800034,186.8999939,98.66000366,18.60466766
2727.76001,47.03749847,80.15350342,54.27249908,185.9299927,98.30999756,18.5233326
2721.330078,47.14500046,80.50749969,54.20399857,184.9199982,98.36000061,18.59000015
2689.860107,46.97499847,80.64350128,53.4034996,185.7400055,98.01000214,18.9173336
2724.01001,46.875,81.24449921,53.87350082,187.6699982,98.94999695,19.44799995
2705.27002,46.71749878,81.48100281,55,191.7799988,98.83999634,18.98200035
2734.620117,47.56000137,82.07700348,56.75,193.9900055,100.7900009,19.45466614
2746.870117,47.95750046,83.2634964,57.65200043,193.2799988,101.6699982,19.78266716
2748.800049,48.32749939,84.81749725,57.55099869,192.9400024,102.1900024,19.40866661
2772.350098,48.49499893,84.78749847,57.34749985,191.3399963,102.4899979,21.29999924
2770.370117,48.36500168,84.46499634,56.72100067,188.1799927,100.8799973,21.07266617
2779.030029,47.92499924,84.19950104,56.63550186,189.1000061,101.6299973,21.17733383
2782,47.80749893,84.45600128,57.04499817,191.5399933,101.0500031,22.13999939
2786.850098,48.06999969,84.9375,57.40950012,192.3999939,101.3099976,22.85133362
2775.629883,47.67499924,85.24299622,57.21149826,192.4100037,100.8499985,22.98533249
2782.48999,47.70000076,86.19300079,58.00550079,196.8099976,101.4199982,23.84799957
2779.659912,47.20999908,85.79850006,57.96350098,195.8500061,100.1299973,23.87800026
2773.75,47.18500137,86.1894989,59.17900085,198.3099976,100.8600006,24.72200012
2762.590088,46.42250061,86.73899841,58.93450165,197.4900055,100.8600006,23.50333214
2767.320068,46.625,87.5039978,59.20349884,202,101.8700027,24.14800072
2749.76001,46.36500168,86.51100159,58.47200012,201.5,101.1399994,23.1673336
2754.879883,46.22999954,85.78350067,58.46450043,201.7400055,100.4100037,22.24200058
2717.070068,45.54249954,83.15750122,56.9640007,196.3500061,98.38999939,22.20066643
2723.060059,46.10749817,84.55449677,56.63100052,199,99.08000183,22.79999924
2699.629883,46.04000092,83.02549744,55.84700012,195.8399963,97.54000092,22.96666718
2716.310059,46.375,85.07250214,56.3390007,196.2299957,98.62999725,23.32866669
2718.370117,46.27750015,84.98999786,56.45949936,194.3200073,98.61000061,22.86333275
2726.709961,46.79499817,85.68900299,57.10549927,197.3600006,100.0100021,22.33799934
2713.219971,45.97999954,84.69799805,55.81399918,192.7299957,99.05000305,20.72400093
2736.610107,46.34999847,84.9865036,57.0644989,198.4499969,99.76000214,20.61066628
2759.820068,46.99250031,85.53150177,57.75400162,203.2299957,101.1600037,20.59333229
2784.169922,47.64500046,86.9509964,58.36399841,204.7400055,101.8499985,21.23399925
2793.840088,47.58750153,87.15350342,58.35699844,203.5399933,102.1200027,21.49799919
2774.02002,46.97000122,87.75,58.57300186,202.5399933,101.9800034,21.26399994
2798.290039,47.75749969,89.83100128,60.06299973,206.9199982,104.1900024,21.11400032
2801.310059,47.83250046,90.65149689,60.22100067,207.3200073,105.4300003,21.25799942
2798.429932,47.72750092,91.12449646,59.82550049,207.2299957,104.9100037,20.67333221
2809.550049,47.86249924,92.19650269,60.65399933,209.9900055,105.9499969,21.5126667
2815.620117,47.59999847,92.14600372,60.64550018,209.3600006,105.1200027,21.59000015
2804.48999,47.97000122,90.64849854,59.95500183,208.0899963,104.4000015,21.34866714
2801.830078,47.86000061,90.68499756,59.89400101,209.9400024,106.2699966,20.90533257
2806.97998,47.90250015,90.09999847,60.54999924,210.9100037,107.9700012,20.21333313
2820.399902,48.25,91.46199799,62.90750122,214.6699982,107.6600037,19.82866669
2846.070068,48.70500183,93.18049622,63.79700089,217.5,110.8300018,20.5826664
2837.439941,48.55250168,90.40000153,64.27500153,176.2599945,109.6200027,20.44333267
2818.820068,47.74499893,90.8635025,62.64450073,174.8899994,107.6800003,19.81200027
2802.600098,47.47750092,88.96099854,61.5019989,171.0599976,105.3700027,19.34466743
2816.290039,47.57249832,88.87200165,61.36100006,172.5800018,106.0800018,19.87599945
2813.360107,50.375,89.85849762,61.6495018,171.6499939,106.2799988,20.05599976
2827.219971,51.84749985,91.71649933,62.05649948,176.3699951,107.5699997,23.30266762
2840.350098,51.99750137,91.16449738,61.90800095,177.7799988,108.0400009,23.21133232
2850.399902,52.26750183,92.38749695,61.88349915,185.6900024,108.1299973,22.79933357
2858.449951,51.77750015,93.12400055,62.79199982,183.8099976,108.8799973,25.30466652
2857.699951,51.8125,94.3259964,63.06650162,185.1799927,109.4899979,24.68933296
2853.580078,52.22000122,94.9260025,63.22299957,183.0899963,109.6699982,23.49666786
2833.280029,51.88249969,94.31500244,62.62549973,180.2599945,109,23.69933319
2821.929932,52.21749878,94.80999756,62.43199921,180.0500031,108.2099991,23.7606678
2839.959961,52.4375,95.98249817,62.9070015,181.1100006,109.5599976,23.1760006
2818.370117,52.56000137,94.1309967,61.61100006,179.5299988,107.6600037,22.57933235
2840.689941,53.33000183,94.3259964,61.20299911,174.6999969,107.6399994,22.36333275
2850.129883,54.39500046,94.11100006,60.79249954,173.8000031,107.5800018,20.36666679
2857.050049,53.86500168,93.83550262,61.09749985,172.5,106.8700027,20.56266785
2862.959961,53.75999832,94.17099762,60.87049866,172.6199951,105.9800034,21.45999908
2861.820068,53.76250076,95.24500275,61.08750153,173.6399994,107.0599976,21.44266701
2856.97998,53.87250137,95.14499664,61.05799866,172.8999939,107.5599976,21.34000015
2874.689941,54.04000092,95.26950073,61.83750153,174.6499939,108.4000015,21.52133369
2896.73999,54.48500061,96.38400269,62.81349945,177.4600067,109.5999985,21.28466606
2897.52002,54.92499924,96.64099884,62.29299927,176.2599945,110.2600021,20.79066658
2914.040039,55.74499893,99.90499878,63.23249817,175.8999939,112.0199966,20.33399963
2901.129883,56.25749969,100.1190033,62.72200012,177.6399994,111.9499969,20.20999908
2901.52002,56.90750122,100.635498,61.59000015,175.7299957,112.3300018,20.11066628
2896.719971,57.09000015,101.975502,60.56549835,171.1600037,111.7099991,19.26333237
2888.600098,56.71749878,99.74099731,59.95500183,167.1799927,108.4899979,18.7159996
2878.050049,55.77500153,97.91549683,59.19950104,162.5299988,108.7399979,18.72999954
2871.679932,55.32500076,97.60350037,58.87950134,163.0399933,108.2099991,17.54933357
2877.129883,54.58250046,96.95050049,58.75299835,164.1799927,109.3799973,19.03333282
2887.889893,55.96250153,99.35749817,59.49950027,165.9400024,111.2399979,18.6293335
2888.919922,55.26750183,99.5,58.58000183,162,111.7099991,19.36933327
2904.179932,56.60250092,99.49349976,59.10699844,161.3600006,112.9100037,19.29733276
2904.97998,55.95999908,98.5094986,58.89899826,162.3200073,113.3700027,19.68000031
2888.800049,54.47000122,95.40149689,57.99150085,160.5800018,112.1399994,19.65600014
2904.310059,54.56000137,97.05249786,58.35549927,160.3000031,113.2099991,18.99733353
2907.949951,54.59249878,96.32099915,58.71350098,163.0599976,111.6999969,19.93466759
2930.75,55.00749969,97.21499634,59.57849884,166.0200043,113.5699997,19.88866615
2929.669922,54.41500092,95.75050354,58.60599899,162.9299927,114.2600021,19.94000053
2919.370117,55.19749832,96.71800232,58.97800064,165.4100037,114.6699982,19.97866631
2915.560059,55.54750061,98.72750092,59.69449997,164.9100037,114.4499969,20.06599998
2905.969971,55.10499954,98.74250031,59.70299911,166.9499969,113.9800034,20.63866615
2914,56.23749924,100.6490021,60.36800003,168.8399963,114.4100037,20.50133324
2913.97998,56.43500137,100.1500015,60.35400009,164.4600067,114.3700027,17.65133286
2924.590088,56.81499863,100.2180023,60.42649841,162.4400024,115.6100006,20.71333313
2923.429932,57.31999969,98.56549835,60.38199997,159.3300018,115.1500015,20.06800079
2925.51001,58.01750183,97.63800049,60.57649994,162.4299927,115.1699982,19.65333366
2901.610107,56.99750137,95.47100067,58.85350037,158.8500061,112.7900009,18.78866768
2885.570068,56.07249832,94.48249817,58.39149857,157.3300018,112.1299973,17.46333313
2884.429932,55.94250107,93.22100067,57.79600143,157.25,110.8499985,16.70400047
2880.340088,56.71749878,93.51599884,57.25849915,157.8999939,112.2600021,17.52000046
2785.679932,54.09000015,87.76249695,54.60800171,151.3800049,106.1600037,17.12533379
2728.370117,53.61249924,85.96800232,54.53699875,153.3500061,105.9100037,16.81533241
2767.129883,55.52750015,89.43049622,56.02700043,153.7400055,109.5699997,17.25200081
2750.790039,54.34000015,88.04750061,55.12200165,153.5200043,107.5999985,17.30599976
2809.919922,55.53749847,90.9980011,56.65399933,158.7799988,111,18.43933296
2809.209961,55.29750061,91.58650208,56.37950134,159.4199982,110.7099991,18.1186676
2768.780029,54.00500107,88.53600311,54.89550018,154.9199982,108.5,17.59399986
2767.780029,54.82749939,88.20149994,55.25899887,154.0500031,108.6600037,17.33333206
2755.879883,55.16249847,89.46499634,55.56850052,154.7799988,109.6299973,17.39666748
2740.689941,55.68249893,88.43499756,55.74549866,154.3899994,108.0999985,19.60933304
2656.100098,53.77249908,83.20999908,52.85599899,146.0399933,102.3199997,19.23333359
2705.570068,54.95000076,89.10849762,55.17950058,150.9499969,108.3000031,20.99066734
2658.689941,54.07500076,82.14050293,54.1875,145.3699951,106.9599991,22.05999947
2641.25,53.06000137,76.94400024,51.73649979,142.0899963,103.8499985,22.32333374
2682.629883,53.32500076,76.52100372,52.4754982,146.2200012,103.7300034,21.99333382
2711.73999,54.71500015,79.90049744,54.52899933,151.7899933,106.8099976,22.48800087
2740.370117,55.55500031,83.27649689,54.29899979,151.75,105.9199982,22.95199966
2723.060059,51.86999893,83.27649689,53.57450104,150.3500061,106.1600037,23.09399986
2738.310059,50.39749908,81.38999939,52.78649902,148.6799927,107.5100021,22.76000023
2755.449951,50.94250107,82.14050293,53.47850037,149.9400024,107.7200012,22.7373333
2813.889893,52.48749924,87.77449799,55.41199875,151.5299988,111.9599991,23.21066666
2806.830078,52.12250137,87.74549866,54.73149872,147.8699951,111.75,23.42666626
2781.01001,51.11750031,85.62149811,53.85100174,144.9600067,109.5699997,23.36733246
2726.219971,48.54249954,81.84249878,52.4679985,141.5500031,106.8700027,22.08533287
2722.179932,48.05749893,81.5585022,52.39849854,142.1600037,106.9400024,22.58200073
2701.580078,46.70000076,79.95050049,52.72900009,144.2200012,104.9700012,22.93333244
2730.199951,47.85250092,80.97200012,53.55250168,143.8500061,107.2799988,23.22933388
2736.27002,48.38249969,79.67050171,53.41350174,139.5299988,108.2900009,23.6206665
2690.72998,46.46500015,75.61450195,51.37099838,131.5500031,104.6200027,23.56466675
2641.889893,44.24499893,74.77300262,51.52249908,132.4299927,101.7099991,23.16600037
2649.929932,44.19499969,75.83650208,52.17150116,134.8200073,103.1100006,22.54599953
2632.560059,43.07249832,75.10299683,51.50500107,131.7299957,103.0699997,21.72200012
2673.449951,43.65499878,79.0664978,52.79700089,136.3800049,106.4700012,23.06666756
2682.169922,43.56000137,79.07099915,52.61399841,135,107.1399994,22.9279995
2743.790039,45.23500061,83.88749695,54.58950043,136.7599945,111.1200027,23.19133377
2737.800049,44.88750076,83.67849731,54.72900009,138.6799927,110.1900024,22.74466705
2760.169922,44.64500046,84.50849915,55.48249817,140.6100006,110.8899994,23.36533356
2790.370117,46.20500183,88.61799622,55.81800079,141.0899963,112.0899963,23.89933205
2700.060059,44.17250061,83.41999817,53.12350082,137.9299927,108.5199966,23.97999954
2695.949951,43.68000031,84.95950317,53.90399933,139.6300049,109.1900024,24.20400047
2633.080078,42.12250137,81.45649719,52.32899857,137.4199982,104.8199997,23.86466789
2637.719971,42.40000153,82.05149841,52.6590004,141.8500061,107.5899963,24.34333229
2636.780029,42.15750122,82.16200256,53.08250046,142.0800018,108.5899963,24.45066643
2651.070068,42.27500153,83.17700195,53.68650055,144.5,109.0800018,24.44000053
2650.540039,42.73749924,82.91899872,53.67699814,145.0099945,109.4499969,25.11933327
2599.949951,41.36999893,79.59549713,52.58549881,144.0599976,106.0299988,24.38066673
2545.939941,40.98500061,76.04550171,51.28250122,140.1900024,102.8899994,23.22800064
2546.159912,41.51750183,77.5739975,52.17050171,143.6600037,103.9700012,22.46866608
2506.959961,40.22249985,74.7539978,51.77299881,133.2400055,103.6900024,22.19799995
2467.419922,39.20750046,73.04149628,51.17900085,133.3999939,101.5100021,21.0253334
2416.620117,37.68249893,68.87249756,49.5625,124.9499969,98.23000336,21.31800079
2351.100098,36.70750046,67.19799805,49.23350143,124.0599976,94.12999725,19.69266701
2467.699951,39.29249954,73.54499817,52.39250183,134.1799927,100.5599976,21.7393322
2488.830078,39.03749847,73.08200073,52.64500046,134.5200043,101.1800003,21.07533264
2485.73999,39.05749893,73.90100098,52.33399963,133.1999969,100.3899994,22.25799942
2506.850098,39.43500137,75.09850311,52.2480011,131.0899963,101.5699997,22.18666649
2510.030029,39.47999954,76.95649719,52.73400116,135.6799927,101.1200027,20.67466736
2447.889893,35.54750061,75.01399994,51.27349854,131.7400055,97.40000153,20.02400017
2531.939941,37.06499863,78.76950073,53.9034996,137.9499969,101.9300003,21.17933273
2549.689941,36.98249817,81.47550201,53.79600143,138.0500031,102.0599976,22.3306675
2574.409912,37.6875,82.82900238,54.26850128,142.5299988,102.8000031,22.35666656
2584.959961,38.32749939,82.97100067,54.08250046,144.2299957,104.2699966,22.56866646
2596.639893,38.45000076,82.81099701,53.94150162,144.1999969,103.5999985,22.99799919
2596.26001,38.07249832,82.02799988,53.2234993,143.8000031,102.8000031,23.15066719
2582.610107,37.5,80.86049652,52.57550049,145.3899994,102.0500031,22.29333305
2610.300049,38.26750183,83.72799683,54.32550049,148.9499969,105.0100021,22.96199989
2616.100098,38.73500061,84.18900299,54.4754982,147.5399933,105.3799973,23.06999969
2635.959961,38.96500015,84.66100311,54.95600128,148.3000031,106.1200027,23.15399933
2670.709961,39.20500183,84.80999756,55.36500168,150.0399933,107.7099991,20.15066719
2632.899902,38.32500076,81.60849762,53.93149948,147.5700073,105.6800003,19.9279995
2638.699951,38.47999954,82.00099945,54.22050095,144.3000031,106.7099991,19.17266655
2642.330078,38.17499924,82.74649811,54.20000076,145.8300018,106.1999969,19.43400002
2664.76001,39.43999863,83.52850342,55.07550049,149.0099945,107.1699982,19.80266762
2643.850098,39.07500076,81.89450073,53.99300003,147.4700012,105.0800018,19.75866699
2640,38.66999817,79.69400024,53.50299835,144.1900024,102.9400024,19.8306675
2681.050049,41.3125,83.52149963,54.8995018,150.4199982,106.3799973,20.58466721
2704.100098,41.61000061,85.93650055,56.29449844,166.6900024,104.4300003,20.46800041
2706.530029,41.63000107,81.31150055,55.93099976,165.7100067,102.7799988,20.81399918
2724.870117,42.8125,81.66549683,57.07099915,169.25,105.7399979,20.85933304
2737.699951,43.54499817,82.94049835,57.59349823,171.1600037,107.2200012,21.42333221
2731.610107,43.56000137,82.01300049,56.14450073,170.4900055,106.0299988,21.14800072
2706.050049,42.73500061,80.71849823,55.29550171,166.3800049,105.2699966,20.50066757
2707.879883,42.60250092,79.41100311,55.11899948,167.3300018,105.6699982,20.38666725
2709.800049,42.35749817,79.55000305,55.10599899,165.7899933,105.25,20.8560009
2744.72998,42.72249985,81.90049744,56.37900162,165.0399933,106.8899994,20.78733253
2753.030029,42.54499817,82,56.43149948,164.0700073,106.8099976,20.54466629
2745.72998,42.70000076,81.13249969,56.45999908,163.9499969,106.9000015,20.25133324
2775.600098,42.60499954,80.39749908,55.98149872,162.5,108.2200012,20.5253334
2779.76001,42.73249817,81.3789978,56.32550049,162.2899933,108.1699982,20.37599945
2784.699951,43.00749969,81.10500336,56.02949905,162.5599976,107.1500015,20.17066765
2774.879883,42.76499939,80.97200012,55.21049881,160.0399933,109.4100037,19.41533279
2792.669922,43.24250031,81.57800293,55.82799911,161.8899994,110.9700012,19.64733315
2796.110107,43.55749893,81.65000153,55.86650085,164.6199951,111.5899963,19.91799927
2793.899902,43.58250046,81.81999969,56.1004982,164.1300049,112.3600006,19.85733223
2792.379883,43.71749878,82.05449677,56.14450073,162.8099976,112.1699982,20.98266792
2784.48999,43.28749847,81.99150085,56.32749939,161.4499969,112.0299988,21.32533264
2803.689941,43.74250031,83.58650208,57.42599869,162.2799988,112.5299988,19.65266609
2792.810059,43.96250153,84.8085022,57.67100143,167.3699951,112.2600021,19.02400017
2789.649902,43.88249969,84.62149811,58.45949936,171.2599945,111.6999969,18.43600082
2771.449951,43.63000107,83.44750214,58.24700165,172.5099945,111.75,18.41600037
2748.929932,43.125,81.29750061,57.54249954,169.1300049,110.3899994,18.43933296
2743.070068,43.22750092,81.04000092,57.49850082,169.6000061,110.5100021,18.94266701
2783.300049,44.72499847,83.53099823,58.96300125,172.0700073,112.8300018,19.39466667
2791.52002,45.22750092,83.65499878,59.86249924,171.9199982,113.6200027,18.89066696
2810.919922,45.42750168,84.54049683,59.95299911,173.3699951,114.5,19.26399994
2808.47998,45.93249893,84.31099701,59.62649918,170.1699982,114.5899963,19.3306675
2822.47998,46.52999878,85.61799622,59.51499939,165.9799957,115.9100037,18.36199951
2832.939941,47.00500107,87.10749817,59.42750168,160.4700012,117.5699997,17.9659996
2832.570068,46.63249969,88.09249878,60.1230011,161.5700073,117.6500015,17.83133316
2824.22998,47.04000092,89.8635025,61.32149887,165.4400024,117.5199966,18.23999977
2854.879883,48.77249908,90.96299744,61.80649948,166.0800018,120.2200012,18.26799965
2800.709961,47.76250076,88.2385025,60.38249969,164.3399963,117.0500031,17.63533211
2798.360107,47.18500137,88.71299744,59.86899948,166.2899933,117.6600037,17.36133385
2818.459961,46.69749832,89.18800354,59.49200058,167.6799927,117.9100037,17.85133362
2805.370117,47.11750031,88.28500366,58.90050125,165.8699951,116.7699966,18.3220005
2815.439941,47.18000031,88.67099762,58.61349869,165.5500031,116.9300003,18.57466698
2834.399902,47.48749924,89.03749847,58.8445015,166.6900024,117.9400024,18.65733337
2867.189941,47.81000137,90.70950317,59.94900131,168.6999969,119.0199966,19.27866745
2867.23999,48.50500107,90.6989975,60.27700043,174.1999969,119.1900024,19.05866623
2873.399902,48.83750153,91.03500366,60.54050064,173.5399933,119.9700012,19.45400047
2879.389893,48.92250061,90.94300079,60.97249985,176.0200043,119.3600006,17.85199928
2892.73999,49.25,91.86399841,60.57249832,175.7200012,119.8899994,18.3306675
2895.77002,50.02500153,92.49299622,60.41400146,174.9299927,119.9300003,18.21333313
2878.199951,49.875,91.79199982,60.1344986,177.5800018,119.2799988,18.15399933
2888.209961,50.15499878,92.36650085,60.32249832,177.8200073,120.1900024,18.40399933
2888.320068,49.73749924,92.20349884,60.47949982,177.5099945,120.3300018,17.89466667
2907.409912,49.71749878,92.15299988,61.13650131,179.1000061,120.9499969,17.84666634
2905.580078,49.80749893,92.24349976,61.32649994,179.6499939,121.0500031,17.75866699
2907.060059,49.8125,93.15200043,61.59550095,178.8699951,120.7699966,18.22400093
2900.449951,50.78250122,93.24099731,62.00699997,178.7799988,121.7699966,18.08200073
2905.030029,50.96500015,93.08450317,62.07350159,178.2799988,123.3700027,18.21733284
2907.969971,51.13249969,94.3655014,62.68799973,181.4400024,123.7600021,17.51666641
2933.679932,51.86999893,96.18849945,63.52949905,183.7799988,125.4400024,17.59333229
2927.25,51.79000092,95.08750153,63.00249863,182.5800018,125.0100021,17.24399948
2926.169922,51.31999969,95.11250305,63.36700058,193.2599945,129.1499939,16.50866699
2939.879883,51.07500076,97.53150177,63.87099838,191.4900055,129.8899994,15.67599964
2943.030029,51.15250015,96.92150116,64.80999756,194.7799988,129.7700043,16.09799957
2945.830078,50.16749954,96.3259964,59.94800186,193.3999939,130.6000061,15.91266727
2923.72998,52.63000107,95.5759964,58.66600037,193.0299988,127.8799973,15.600667
2917.52002,52.28749847,95.04100037,58.32550049,192.5299988,126.2099991,16.2733326
2945.639893,52.9375,98.1230011,59.47750092,195.4700012,128.8999939,17.00200081
2932.469971,52.11999893,97.52749634,59.67300034,193.8800049,128.1499939,17.02266693
2884.050049,50.71500015,96.05000305,58.94300079,189.7700043,125.5199966,16.47066689
2879.419922,50.72499847,95.8884964,58.53900146,189.5399933,125.5100021,16.32266617
2870.719971,50.18000031,94.99349976,58.39849854,188.6499939,125.5,16.13199997
2881.399902,49.29499817,94.49900055,58.38199997,188.3399963,127.1299973,15.96800041
2811.870117,46.43000031,91.13400269,56.82949829,181.5399933,123.3499985,15.13399982
2834.409912,47.16500092,92.0059967,56.24300003,180.7299957,124.7300034,15.4873333
2850.959961,47.72999954,93.55750275,58.54000092,186.2700043,126.0199966,15.46333313
2876.320068,47.52000046,95.37850189,59.22499847,186.9900055,128.9299927,15.22200012
2859.530029,47.25,93.44999695,58.43899918,185.3000031,128.0700073,14.06866741
2840.22998,45.77249908,92.94850159,57.23300171,182.7200012,126.2200012,13.69066715
2864.360107,46.65000153,92.87599945,57.72200012,184.8200073,126.9000015,13.67199993
2856.27002,45.69499969,92.98400116,57.79249954,185.3200073,127.6699982,12.84866714
2822.23999,44.91500092,90.77400208,57.26699829,180.8699951,126.1800003,13.03266716
2826.060059,44.74250031,91.16400146,56.93050003,181.0599976,126.2399979,12.7086668
2802.389893,44.55749893,91.82150269,56.97800064,184.3099976,126.1600037,12.57999992
2783.02002,44.34500122,90.95950317,55.99700165,182.1900024,124.9400024,12.65733337
2788.860107,44.57500076,90.81600189,56.07049942,183.0099945,125.7300034,12.54800034
2752.060059,43.76750183,88.75350189,55.32500076,177.4700012,123.6800003,12.34399986
2744.449951,43.32500076,84.6344986,51.93700027,164.1499939,119.8399963,11.93133259
2803.27002,44.90999985,86.47799683,52.72449875,167.5,123.1600037,12.90666676
2826.149902,45.63499832,86.92500305,52.23199844,168.1699982,125.8300018,13.10599995
2843.48999,46.30500031,87.71800232,52.38800049,168.3300018,127.8199997,13.72999954
2873.340088,47.53749847,90.20149994,53.41849899,173.3500061,131.3999939,13.63333321
2886.72998,48.14500046,93.03150177,54.13800049,174.8200073,132.6000061,14.19200039
2885.719971,48.70249939,93.18499756,54.05199814,178.1000061,132.1000061,14.47333336
2879.840088,48.54750061,92.76599884,53.95500183,175.0399933,131.4900055,13.95066738
2891.639893,48.53749847,93.51499939,54.55049896,177.4700012,132.3200073,14.26066685
2886.97998,48.18500137,93.48349762,54.31499863,181.3300018,132.4499969,14.32800007
2889.669922,48.47249985,94.30149841,54.69449997,189.0099945,132.8500061,15.00199986
2917.75,49.61249924,95.0684967,55.26200104,188.4700012,135.1600037,14.98266697
2926.459961,49.46749878,95.4394989,55.2254982,187.4799957,135.6900024,15.0953331
2954.179932,49.86500168,95.90950012,55.65999985,189.5299988,136.9499969,14.64133263
2950.459961,49.69499969,95.56500244,56.26850128,191.1399994,136.9700012,14.79066658
2945.350098,49.64500046,95.69499969,55.83499908,192.6000061,137.7799988,14.90933323
2917.379883,48.89250183,93.91349792,54.37900162,188.8399963,133.4299927,14.65066719
2913.780029,49.95000076,94.89150238,54.01599884,187.6600037,133.9299927,14.61800003
2924.919922,49.93500137,95.21399689,53.83150101,189.5,134.1499939,14.85599995
2941.76001,49.47999954,94.6815033,54.13999939,193,133.9600067,14.89733315
2964.330078,50.38750076,96.10949707,55,193,135.6799927,15.14466667
2973.01001,50.68249893,96.71549988,55.63000107,195,136.5800018,14.97000027
2995.820068,51.10250092,96.94999695,56.1495018,197.1999969,137.4600067,15.65999985
2990.409912,51.05749893,97.14550018,56.63349915,196.3999939,137.0599976,15.53999996
2975.949951,50.00500107,97.61599731,55.83950043,195.7599945,136.9600067,15.35599995
2979.629883,50.31000137,99.41500092,56.21450043,199.2100067,136.4600067,15.33733273
2993.070068,50.80749893,100.8704987,57.04550171,202.7299957,137.8500061,15.92800045
2999.909912,50.4375,100.0534973,57.20399857,201.2299957,138.3999939,15.90666676
3013.77002,50.82500076,100.5500031,57.26699829,204.8699951,138.8999939,16.33866692
3014.300049,51.30250168,101.0494995,57.52550125,203.9100037,138.8999939,16.89999962
3004.040039,51.125,100.4950027,57.67300034,203.8399963,137.0800018,16.82533264
2984.419922,50.83750153,99.60150146,57.3370018,201.8000031,136.2700043,16.99066734
2995.110107,51.41500092,98.89499664,57.36199951,200.7799988,136.4199982,16.90266609
2976.610107,50.64749908,98.22599792,56.57749939,198.3600006,136.6199951,17.21199989
2985.030029,51.80500031,99.28150177,56.96049881,202.3200073,138.4299927,17.04533386
3005.469971,52.20999908,99.72450256,57.40250015,202.3600006,139.2899933,17.34466743
3019.560059,52.16749954,100.0404968,56.98649979,204.6600037,140.7200012,17.65866661
3003.669922,51.75500107,98.69100189,56.79700089,200.7100067,140.1900024,15.25466728
3025.860107,51.93500137,97.15249634,62.26100159,199.75,141.3399963,15.20266724
3020.969971,52.41999817,95.62249756,62.09199905,195.9400024,141.0299988,15.71800041
3013.179932,52.19499969,94.92649841,61.40000153,197.0399933,140.3500061,16.15066719
2980.379883,53.25999832,93.33899689,60.90999985,194.2299957,136.2700043,16.10733223
